﻿Новая заявка;алексей;89264595557;kurock09@gmail.com;9.07.2019, 21:15
﻿Новая заявка;алексей;9264595557;kurock09@gmail.com;9.07.2019, 21:11
﻿Заказ обратного звонка;1112;21323;9.07.2019, 21:04
﻿Новая заявка;1111;22222;web@penbrain.ru;9.07.2019, 21:04
﻿Новая заявка;;567567;;9.07.2019, 21:02
﻿Новая заявка;;567567;;9.07.2019, 21:01
﻿Новая заявка;;123123;;9.07.2019, 21:00
﻿Заказ обратного звонка;;123123;9.07.2019, 20:01
﻿Заказ обратного звонка;;123123;9.07.2019, 19:58
﻿Заказ обратного звонка;;123123123;9.07.2019, 19:56
